Plik;Czas[s];Sciezka;Koszt
6_1.txt;0.00010097026824951172;[0, 1, 2, 3, 4, 5, 0];132
10.txt;0.004397439956665039;[0, 5, 1, 9, 6, 7, 8, 2, 4, 3, 0];212
12.txt;0.025685214996337892;[0, 10, 3, 5, 7, 9, 11, 2, 6, 4, 8, 1, 0];264
13.txt;0.06536619663238526;[0, 12, 1, 8, 4, 6, 2, 11, 9, 7, 5, 3, 10, 0];269
14.txt;0.156630277633667;[0, 12, 1, 8, 4, 6, 2, 11, 13, 9, 7, 5, 3, 10, 0];282
15.txt;0.3583169460296631;[0, 12, 1, 14, 8, 4, 6, 2, 11, 13, 9, 7, 5, 3, 10, 0];291
17.txt;1.974424910545349;[0, 11, 16, 8, 7, 4, 3, 15, 14, 6, 5, 12, 10, 9, 1, 13, 2, 0];39
21.txt;71.87568831443787;[0, 11, 3, 10, 19, 18, 16, 9, 17, 12, 13, 14, 20, 1, 2, 8, 4, 15, 5, 7, 6, 0];2707
