Plik;Czas[s];Sciezka;Koszt
6_1.txt;0.00010015964508056641;[0, 1, 2, 3, 4, 5, 0];132
10.txt;0.004547619819641113;[0, 5, 1, 9, 6, 7, 8, 2, 4, 3, 0];212
12.txt;0.02468447685241699;[0, 10, 3, 5, 7, 9, 11, 2, 6, 4, 8, 1, 0];264
13.txt;0.05851864814758301;[0, 12, 1, 8, 4, 6, 2, 11, 9, 7, 5, 3, 10, 0];269
14.txt;0.15116891860961915;[0, 12, 1, 8, 4, 6, 2, 11, 13, 9, 7, 5, 3, 10, 0];282
15.txt;0.3356407880783081;[0, 12, 1, 14, 8, 4, 6, 2, 11, 13, 9, 7, 5, 3, 10, 0];291
17.txt;1.8256879806518556;[0, 11, 16, 8, 7, 4, 3, 15, 14, 6, 5, 12, 10, 9, 1, 13, 2, 0];39
21.txt;60.07825446128845;[0, 11, 3, 10, 19, 18, 16, 9, 17, 12, 13, 14, 20, 1, 2, 8, 4, 15, 5, 7, 6, 0];2707
