Plik;Czas[s];Sciezka;Koszt
6_1.txt;9.992122650146485e-05;[0, 1, 2, 3, 4, 5, 0];132
10.txt;0.006296348571777344;[0, 5, 1, 9, 6, 7, 8, 2, 4, 3, 0];212
12.txt;0.026385164260864256;[0, 10, 3, 5, 7, 9, 11, 2, 6, 4, 8, 1, 0];264
13.txt;0.059967327117919925;[0, 12, 1, 8, 4, 6, 2, 11, 9, 7, 5, 3, 10, 0];269
14.txt;0.1442169189453125;[0, 12, 1, 8, 4, 6, 2, 11, 13, 9, 7, 5, 3, 10, 0];282
15.txt;0.32791240215301515;[0, 12, 1, 14, 8, 4, 6, 2, 11, 13, 9, 7, 5, 3, 10, 0];291
